"Date","Week day","ON","1W","1M","2M","3M","6M","12M"
"16.07.2026","Thursday","3.73080","","","","","",""
"15.07.2026","Wednesday","3.73080","","","","","",""
"14.07.2026","Tuesday","3.73110","","","","","",""
"13.07.2026","Monday","3.73080","","","","","",""
"10.07.2026","Friday","3.73100","","","","","",""
"09.07.2026","Thursday","3.73110","","","","","",""
"08.07.2026","Wednesday","3.73030","","","","","",""
"07.07.2026","Tuesday","3.72970","","","","","",""
"06.07.2026","Monday","3.72970","","","","","",""
"03.07.2026","Friday","3.73020","","","","","",""
"02.07.2026","Thursday","3.73050","","","","","",""
"01.07.2026","Wednesday","3.73090","","","","","",""
"30.06.2026","Tuesday","3.73180","","","","","",""
"29.06.2026","Monday","3.72920","","","","","",""
"26.06.2026","Friday","3.72900","","","","","",""
"25.06.2026","Thursday","3.72870","","","","","",""
"24.06.2026","Wednesday","3.72900","","","","","",""
"23.06.2026","Tuesday","3.72950","","","","","",""
"22.06.2026","Monday","3.72920","","","","","",""
"19.06.2026","Friday","3.72940","","","","","",""
"18.06.2026","Thursday","3.73000","","","","","",""
"17.06.2026","Wednesday","3.73030","","","","","",""
"16.06.2026","Tuesday","3.73040","","","","","",""
"15.06.2026","Monday","3.72960","","","","","",""
"12.06.2026","Friday","3.73010","","","","","",""
"11.06.2026","Thursday","3.73050","","","","","",""
"10.06.2026","Wednesday","3.72960","","","","","",""
"09.06.2026","Tuesday","3.72710","","","","","",""
"08.06.2026","Monday","3.73000","","","","","",""
"05.06.2026","Friday","3.73120","","","","","",""
"04.06.2026","Thursday","3.73080","","","","","",""
"03.06.2026","Wednesday","3.73060","","","","","",""
"02.06.2026","Tuesday","3.73080","","","","","",""
"01.06.2026","Monday","3.72910","","","","","",""
"29.05.2026","Friday","3.73020","","","","","",""
"28.05.2026","Thursday","3.72950","","","","","",""
"27.05.2026","Wednesday","3.72900","","","","","",""
"26.05.2026","Tuesday","3.7290","","","","","",""
"22.05.2026","Friday","3.7301","","","","","",""
"21.05.2026","Thursday","3.7309","","","","","",""
"20.05.2026","Wednesday","3.7301","","","","","",""
"19.05.2026","Tuesday","3.7302","","","","","",""
"18.05.2026","Monday","3.7297","","","","","",""
"15.05.2026","Friday","3.7299","","","","","",""
"14.05.2026","Thursday","3.7300","","","","","",""
"13.05.2026","Wednesday","3.7290","","","","","",""
"12.05.2026","Tuesday","3.7292","","","","","",""
"11.05.2026","Monday","3.7290","","","","","",""
"08.05.2026","Friday","3.7294","","","","","",""
"07.05.2026","Thursday","3.7299","","","","","",""
"06.05.2026","Wednesday","3.7292","","","","","",""
"05.05.2026","Tuesday","3.7291","","","","","",""
"01.05.2026","Friday","3.7295","","","","","",""
"30.04.2026","Thursday","3.7299","","","","","",""
"29.04.2026","Wednesday","3.7298","","","","","",""
"28.04.2026","Tuesday","3.7306","","","","","",""
"27.04.2026","Monday","3.7307","","","","","",""
"24.04.2026","Friday","3.7305","","","","","",""
"23.04.2026","Thursday","3.7311","","","","","",""
"22.04.2026","Wednesday","3.7304","","","","","",""
"21.04.2026","Tuesday","3.7307","","","","","",""
"20.04.2026","Monday","3.7304","","","","","",""
"17.04.2026","Friday","3.7300","","","","","",""
"16.04.2026","Thursday","3.7301","","","","","",""
"15.04.2026","Wednesday","3.7301","","","","","",""
"14.04.2026","Tuesday","3.7293","","","","","",""
"13.04.2026","Monday","3.7290","","","","","",""
"10.04.2026","Friday","3.7295","","","","","",""
"09.04.2026","Thursday","3.7294","","","","","",""
"08.04.2026","Wednesday","3.7287","","","","","",""
"07.04.2026","Tuesday","3.7294","","","","","",""
"02.04.2026","Thursday","3.7300","","","","","",""
"01.04.2026","Wednesday","3.7297","","","","","",""
"31.03.2026","Tuesday","3.7296","","","","","",""
"30.03.2026","Monday","3.7281","","","","","",""
"27.03.2026","Friday","3.7284","","","","","",""
"26.03.2026","Thursday","3.7282","","","","","",""
"25.03.2026","Wednesday","3.7278","","","","","",""
"24.03.2026","Tuesday","3.7274","","","","","",""
"23.03.2026","Monday","3.7274","","","","","",""
"20.03.2026","Friday","3.7281","","","","","",""
"19.03.2026","Thursday","3.7294","","","","","",""
"18.03.2026","Wednesday","3.7296","","","","","",""
"17.03.2026","Tuesday","3.7290","","","","","",""
"16.03.2026","Monday","3.7289","","","","","",""
"13.03.2026","Friday","3.7295","","","","","",""
"12.03.2026","Thursday","3.7293","","","","","",""
"11.03.2026","Wednesday","3.7295","","","","","",""
"10.03.2026","Tuesday","3.7294","","","","","",""
"09.03.2026","Monday","3.7296","","","","","",""
"06.03.2026","Friday","3.7302","","","","","",""
"05.03.2026","Thursday","3.7303","","","","","",""
"04.03.2026","Wednesday","3.7301","","","","","",""
"03.03.2026","Tuesday","3.7286","","","","","",""
"02.03.2026","Monday","3.7271","","","","","",""
"27.02.2026","Friday","3.7267","","","","","",""
"26.02.2026","Thursday","3.7286","","","","","",""
"25.02.2026","Wednesday","3.7276","","","","","",""
"24.02.2026","Tuesday","3.7278","","","","","",""
"23.02.2026","Monday","3.7280","","","","","",""
"20.02.2026","Friday","3.7282","","","","","",""
"19.02.2026","Thursday","3.7276","","","","","",""
"18.02.2026","Wednesday","3.7277","","","","","",""
"17.02.2026","Tuesday","3.7276","","","","","",""
"16.02.2026","Monday","3.7276","","","","","",""
"13.02.2026","Friday","3.7267","","","","","",""
"12.02.2026","Thursday","3.7272","","","","","",""
"11.02.2026","Wednesday","3.7274","","","","","",""
"10.02.2026","Tuesday","3.7270","","","","","",""
"09.02.2026","Monday","3.7271","","","","","",""
"06.02.2026","Friday","3.7279","","","","","",""
"05.02.2026","Thursday","3.7278","","","","","",""
"04.02.2026","Wednesday","3.7265","","","","","",""
"03.02.2026","Tuesday","3.7260","","","","","",""
"02.02.2026","Monday","3.7260","","","","","",""
"30.01.2026","Friday","3.7254","","","","","",""
"29.01.2026","Thursday","3.7247","","","","","",""
"28.01.2026","Wednesday","3.7248","","","","","",""
"27.01.2026","Tuesday","3.7256","","","","","",""
"26.01.2026","Monday","3.7259","","","","","",""
"23.01.2026","Friday","3.7265","","","","","",""
"22.01.2026","Thursday","3.7260","","","","","",""
"21.01.2026","Wednesday","3.7246","","","","","",""
"20.01.2026","Tuesday","3.7241","","","","","",""
"19.01.2026","Monday","3.7244","","","","","",""
"16.01.2026","Friday","3.7243","","","","","",""
"15.01.2026","Thursday","3.7239","","","","","",""
"14.01.2026","Wednesday","3.7248","","","","","",""
"13.01.2026","Tuesday","3.7250","","","","","",""
"12.01.2026","Monday","3.7246","","","","","",""
"09.01.2026","Friday","3.7246","","","","","",""
"08.01.2026","Thursday","3.7249","","","","","",""
"07.01.2026","Wednesday","3.7248","","","","","",""
"06.01.2026","Tuesday","3.7245","","","","","",""
"05.01.2026","Monday","3.7251","","","","","",""
"02.01.2026","Friday","3.7263","","","","","",""
"31.12.2025","Wednesday","3.7257","","","","","",""
"30.12.2025","Tuesday","3.7254","","","","","",""
"29.12.2025","Monday","3.7251","","","","","",""
"24.12.2025","Wednesday","3.7250","","","","","",""
"23.12.2025","Tuesday","3.7248","","","","","",""
"22.12.2025","Monday","3.7231","","","","","",""
"19.12.2025","Friday","3.7236","","","","","",""
"18.12.2025","Thursday","3.7264","","","","","",""
"17.12.2025","Wednesday","3.9749","","","","","",""
"16.12.2025","Tuesday","3.9748","","","","","",""
"15.12.2025","Monday","3.9746","","","","","",""
"12.12.2025","Friday","3.9743","","","","","",""
"11.12.2025","Thursday","3.9750","","","","","",""
"10.12.2025","Wednesday","3.9743","","","","","",""
"09.12.2025","Tuesday","3.9749","","","","","",""
"08.12.2025","Monday","3.9740","","","","","",""
"05.12.2025","Friday","3.9741","","","","","",""
"04.12.2025","Thursday","3.9732","","","","","",""
"03.12.2025","Wednesday","3.9716","","","","","",""
"02.12.2025","Tuesday","3.9713","","","","","",""
"01.12.2025","Monday","3.9702","","","","","",""
"28.11.2025","Friday","3.9693","","","","","",""
"27.11.2025","Thursday","3.9688","","","","","",""
"26.11.2025","Wednesday","3.9690","","","","","",""
"25.11.2025","Tuesday","3.9688","","","","","",""
"24.11.2025","Monday","3.9688","","","","","",""
"21.11.2025","Friday","3.9690","","","","","",""
"20.11.2025","Thursday","3.9690","","","","","",""
"19.11.2025","Wednesday","3.9693","","","","","",""
"18.11.2025","Tuesday","3.9694","","","","","",""
"17.11.2025","Monday","3.9692","","","","","",""
"14.11.2025","Friday","3.9694","","","","","",""
"13.11.2025","Thursday","3.9698","","","","","",""
"12.11.2025","Wednesday","3.9692","","","","","",""
"11.11.2025","Tuesday","3.9694","","","","","",""
"10.11.2025","Monday","3.9694","","","","","",""
"07.11.2025","Friday","3.9697","","","","","",""
"06.11.2025","Thursday","3.9693","","","","","",""
"05.11.2025","Wednesday","3.9694","","","","","",""
"04.11.2025","Tuesday","3.9694","","","","","",""
"03.11.2025","Monday","3.9694","","","","","",""
"31.10.2025","Friday","3.9689","","","","","",""
"30.10.2025","Thursday","3.9693","","","","","",""
"29.10.2025","Wednesday","3.9693","","","","","",""
"28.10.2025","Tuesday","3.9694","","","","","",""
"27.10.2025","Monday","3.9693","","","","","",""
"24.10.2025","Friday","3.9691","","","","","",""
"23.10.2025","Thursday","3.9691","","","","","",""
"22.10.2025","Wednesday","3.9687","","","","","",""
"21.10.2025","Tuesday","3.9688","","","","","",""
"20.10.2025","Monday","3.9682","","","","","",""
"17.10.2025","Friday","3.9682","","","","","",""
"16.10.2025","Thursday","3.9676","","","","","",""
"15.10.2025","Wednesday","3.9671","","","","","",""
"14.10.2025","Tuesday","3.9674","","","","","",""
"13.10.2025","Monday","3.9672","","","","","",""
"10.10.2025","Friday","3.9678","","","","","",""
"09.10.2025","Thursday","3.9678","","","","","",""
"08.10.2025","Wednesday","3.9677","","","","","",""
"07.10.2025","Tuesday","3.9676","","","","","",""
"06.10.2025","Monday","3.9674","","","","","",""
"03.10.2025","Friday","3.9672","","","","","",""
"02.10.2025","Thursday","3.9674","","","","","",""
"01.10.2025","Wednesday","3.9674","","","","","",""
"30.09.2025","Tuesday","3.9671","","","","","",""
"29.09.2025","Monday","3.9667","","","","","",""
"26.09.2025","Friday","3.9669","","","","","",""
"25.09.2025","Thursday","3.9675","","","","","",""
"24.09.2025","Wednesday","3.9677","","","","","",""
"23.09.2025","Tuesday","3.9678","","","","","",""
"22.09.2025","Monday","3.9671","","","","","",""
"19.09.2025","Friday","3.9673","","","","","",""
"18.09.2025","Thursday","3.9674","","","","","",""
"17.09.2025","Wednesday","3.9674","","","","","",""
"16.09.2025","Tuesday","3.9673","","","","","",""
"15.09.2025","Monday","3.9676","","","","","",""
"12.09.2025","Friday","3.9672","","","","","",""
"11.09.2025","Thursday","3.9670","","","","","",""
"10.09.2025","Wednesday","3.9670","","","","","",""
"09.09.2025","Tuesday","3.9670","","","","","",""
"08.09.2025","Monday","3.9670","","","","","",""
"05.09.2025","Friday","3.9669","","","","","",""
"04.09.2025","Thursday","3.9671","","","","","",""
"03.09.2025","Wednesday","3.9670","","","","","",""
"02.09.2025","Tuesday","3.9669","","","","","",""
"01.09.2025","Monday","3.9669","","","","","",""
"29.08.2025","Friday","3.9665","","","","","",""
"28.08.2025","Thursday","3.9675","","","","","",""
"27.08.2025","Wednesday","3.9675","","","","","",""
"26.08.2025","Tuesday","3.9674","","","","","",""
"22.08.2025","Friday","3.9671","","","","","",""
"21.08.2025","Thursday","3.9675","","","","","",""
"20.08.2025","Wednesday","3.9673","","","","","",""
"19.08.2025","Tuesday","3.9671","","","","","",""
"18.08.2025","Monday","3.9669","","","","","",""
"15.08.2025","Friday","3.9671","","","","","",""
"14.08.2025","Thursday","3.9674","","","","","",""
"13.08.2025","Wednesday","3.9672","","","","","",""
"12.08.2025","Tuesday","3.9670","","","","","",""
"11.08.2025","Monday","3.9669","","","","","",""
"08.08.2025","Friday","3.9672","","","","","",""
"07.08.2025","Thursday","3.9676","","","","","",""
"06.08.2025","Wednesday","4.2170","","","","","",""
"05.08.2025","Tuesday","4.2168","","","","","",""
"04.08.2025","Monday","4.2169","","","","","",""
"01.08.2025","Friday","4.2176","","","","","",""
"31.07.2025","Thursday","4.2170","","","","","",""
"30.07.2025","Wednesday","4.2171","","","","","",""
"29.07.2025","Tuesday","4.2171","","","","","",""
"28.07.2025","Monday","4.2171","","","","","",""
"25.07.2025","Friday","4.2174","","","","","",""
"24.07.2025","Thursday","4.2174","","","","","",""
"23.07.2025","Wednesday","4.2172","","","","","",""
"22.07.2025","Tuesday","4.2172","","","","","",""
"21.07.2025","Monday","4.2168","","","","","",""
"18.07.2025","Friday","4.2174","","","","","",""
"17.07.2025","Thursday","4.2175","","","","","",""
"16.07.2025","Wednesday","4.2170","","","","","",""
"15.07.2025","Tuesday","4.2172","","","","","",""
"14.07.2025","Monday","4.2171","","","","","",""
"11.07.2025","Friday","4.2172","","","","","",""
"10.07.2025","Thursday","4.2175","","","","","",""
"09.07.2025","Wednesday","4.2169","","","","","",""
"08.07.2025","Tuesday","4.2170","","","","","",""
"07.07.2025","Monday","4.2170","","","","","",""
"04.07.2025","Friday","4.2173","","","","","",""
"03.07.2025","Thursday","4.2173","","","","","",""
"02.07.2025","Wednesday","4.2171","","","","","",""
"01.07.2025","Tuesday","4.2176","","","","","",""
"30.06.2025","Monday","4.2171","","","","","",""
"27.06.2025","Friday","4.2172","","","","","",""
"26.06.2025","Thursday","4.2170","","","","","",""
"25.06.2025","Wednesday","4.2172","","","","","",""
"24.06.2025","Tuesday","4.2170","","","","","",""
"23.06.2025","Monday","4.2166","","","","","",""
"20.06.2025","Friday","4.2164","","","","","",""
"19.06.2025","Thursday","4.2169","","","","","",""
"18.06.2025","Wednesday","4.2163","","","","","",""
"17.06.2025","Tuesday","4.2160","","","","","",""
"16.06.2025","Monday","4.2148","","","","","",""
"13.06.2025","Friday","4.2127","","","","","",""
"12.06.2025","Thursday","4.2126","","","","","",""
"11.06.2025","Wednesday","4.2129","","","","","",""
"10.06.2025","Tuesday","4.2126","","","","","",""
"09.06.2025","Monday","4.2128","","","","","",""
"06.06.2025","Friday","4.2118","","","","","",""
"05.06.2025","Thursday","4.2119","","","","","",""
"04.06.2025","Wednesday","4.2111","","","","","",""
"03.06.2025","Tuesday","4.2112","","","","","",""
"02.06.2025","Monday","4.2112","","","","","",""
"30.05.2025","Friday","4.2111","","","","","",""
"29.05.2025","Thursday","4.2107","","","","","",""
"28.05.2025","Wednesday","4.2104","","","","","",""
"27.05.2025","Tuesday","4.2107","","","","","",""
"23.05.2025","Friday","4.2108","","","","","",""
"22.05.2025","Thursday","4.2114","","","","","",""
"21.05.2025","Wednesday","4.2115","","","","","",""
"20.05.2025","Tuesday","4.2108","","","","","",""
"19.05.2025","Monday","4.2109","","","","","",""
"16.05.2025","Friday","4.2106","","","","","",""
"15.05.2025","Thursday","4.2111","","","","","",""
"14.05.2025","Wednesday","4.2108","","","","","",""
"13.05.2025","Tuesday","4.2106","","","","","",""
"12.05.2025","Monday","4.2100","","","","","",""
"09.05.2025","Friday","4.2103","","","","","",""
"08.05.2025","Thursday","4.2100","","","","","",""
"07.05.2025","Wednesday","4.4601","","","","","",""
"06.05.2025","Tuesday","4.4590","","","","","",""
"02.05.2025","Friday","4.4594","","","","","",""
"01.05.2025","Thursday","4.4586","","","","","",""
"30.04.2025","Wednesday","4.4592","","","","","",""
"29.04.2025","Tuesday","4.4592","","","","","",""
"28.04.2025","Monday","4.4590","","","","","",""
"25.04.2025","Friday","4.4591","","","","","",""
"24.04.2025","Thursday","4.4592","","","","","",""
"23.04.2025","Wednesday","4.4590","","","","","",""
"22.04.2025","Tuesday","4.4593","","","","","",""
"17.04.2025","Thursday","4.4590","","","","","",""
"16.04.2025","Wednesday","4.4585","","","","","",""
"15.04.2025","Tuesday","4.4585","","","","","",""
"14.04.2025","Monday","4.4582","","","","","",""
"11.04.2025","Friday","4.4584","","","","","",""
"10.04.2025","Thursday","4.4579","","","","","",""
"09.04.2025","Wednesday","4.4565","","","","","",""
"08.04.2025","Tuesday","4.4565","","","","","",""
"07.04.2025","Monday","4.4561","","","","","",""
"04.04.2025","Friday","4.4554","","","","","",""
"03.04.2025","Thursday","4.4553","","","","","",""
"02.04.2025","Wednesday","4.4549","","","","","",""
"01.04.2025","Tuesday","4.4555","","","","","",""
"31.03.2025","Monday","4.4554","","","","","",""
"28.03.2025","Friday","4.4558","","","","","",""
"27.03.2025","Thursday","4.4556","","","","","",""
"26.03.2025","Wednesday","4.4572","","","","","",""
"25.03.2025","Tuesday","4.4568","","","","","",""
"24.03.2025","Monday","4.4570","","","","","",""
"21.03.2025","Friday","4.4563","","","","","",""
"20.03.2025","Thursday","4.4562","","","","","",""
"19.03.2025","Wednesday","4.4558","","","","","",""
"18.03.2025","Tuesday","4.4548","","","","","",""
"17.03.2025","Monday","4.4544","","","","","",""
"14.03.2025","Friday","4.4549","","","","","",""
"13.03.2025","Thursday","4.4550","","","","","",""
"12.03.2025","Wednesday","4.4545","","","","","",""
"11.03.2025","Tuesday","4.4546","","","","","",""
"10.03.2025","Monday","4.4547","","","","","",""
"07.03.2025","Friday","4.4548","","","","","",""
"06.03.2025","Thursday","4.4557","","","","","",""
"05.03.2025","Wednesday","4.4550","","","","","",""
"04.03.2025","Tuesday","4.4551","","","","","",""
"03.03.2025","Monday","4.4550","","","","","",""
"28.02.2025","Friday","4.4552","","","","","",""
"27.02.2025","Thursday","4.4547","","","","","",""
"26.02.2025","Wednesday","4.4547","","","","","",""
"25.02.2025","Tuesday","4.4547","","","","","",""
"24.02.2025","Monday","4.4545","","","","","",""
"21.02.2025","Friday","4.4549","","","","","",""
"20.02.2025","Thursday","4.4543","","","","","",""
"19.02.2025","Wednesday","4.4543","","","","","",""
"18.02.2025","Tuesday","4.4542","","","","","",""
"17.02.2025","Monday","4.4541","","","","","",""
"14.02.2025","Friday","4.4543","","","","","",""
"13.02.2025","Thursday","4.4544","","","","","",""
"12.02.2025","Wednesday","4.4539","","","","","",""
"11.02.2025","Tuesday","4.4541","","","","","",""
"10.02.2025","Monday","4.4540","","","","","",""
"07.02.2025","Friday","4.4540","","","","","",""
"06.02.2025","Thursday","4.4544","","","","","",""
"05.02.2025","Wednesday","4.7045","","","","","",""
"04.02.2025","Tuesday","4.7049","","","","","",""
"03.02.2025","Monday","4.7042","","","","","",""
"31.01.2025","Friday","4.7037","","","","","",""
"30.01.2025","Thursday","4.7008","","","","","",""
"29.01.2025","Wednesday","4.7006","","","","","",""
"28.01.2025","Tuesday","4.7000","","","","","",""
"27.01.2025","Monday","4.7000","","","","","",""
"24.01.2025","Friday","4.7000","","","","","",""
"23.01.2025","Thursday","4.7001","","","","","",""
"22.01.2025","Wednesday","4.7000","","","","","",""
"21.01.2025","Tuesday","4.7000","","","","","",""
"20.01.2025","Monday","4.7000","","","","","",""
"17.01.2025","Friday","4.7000","","","","","",""
"16.01.2025","Thursday","4.7000","","","","","",""
"15.01.2025","Wednesday","4.7001","","","","","",""
"14.01.2025","Tuesday","4.7000","","","","","",""
"13.01.2025","Monday","4.7000","","","","","",""
"10.01.2025","Friday","4.7000","","","","","",""
"09.01.2025","Thursday","4.7000","","","","","",""
"08.01.2025","Wednesday","4.7000","","","","","",""
"07.01.2025","Tuesday","4.7000","","","","","",""
"06.01.2025","Monday","4.7000","","","","","",""
"03.01.2025","Friday","4.7000","","","","","",""
"02.01.2025","Thursday","4.7000","","","","","",""
"31.12.2024","Tuesday","4.7003","","","","","",""
"30.12.2024","Monday","4.7000","","","","","",""
"27.12.2024","Friday","4.7000","","","","","",""
"24.12.2024","Tuesday","4.7000","","","","","",""
"23.12.2024","Monday","4.7000","","","","","",""
"20.12.2024","Friday","4.7000","","","","","",""
"19.12.2024","Thursday","4.7000","","","","","",""
"18.12.2024","Wednesday","4.7000","","","","","",""
"17.12.2024","Tuesday","4.7000","","","","","",""
"16.12.2024","Monday","4.7000","","","","","",""
"13.12.2024","Friday","4.7000","","","","","",""
"12.12.2024","Thursday","4.7000","","","","","",""
"11.12.2024","Wednesday","4.7000","","","","","",""
"10.12.2024","Tuesday","4.7000","","","","","",""
"09.12.2024","Monday","4.7000","","","","","",""
"06.12.2024","Friday","4.7000","","","","","",""
"05.12.2024","Thursday","4.7000","","","","","",""
"04.12.2024","Wednesday","4.7000","","","","","",""
"03.12.2024","Tuesday","4.7000","","","","","",""
"02.12.2024","Monday","4.7000","","","","","",""
"29.11.2024","Friday","4.7000","","","","","",""
"28.11.2024","Thursday","4.7000","","","","","",""
"27.11.2024","Wednesday","4.7000","","","","","",""
"26.11.2024","Tuesday","4.7000","","","","","",""
"25.11.2024","Monday","4.7000","","","","","",""
"22.11.2024","Friday","4.7000","","","","","",""
"21.11.2024","Thursday","4.7000","","","","","",""
"20.11.2024","Wednesday","4.7000","","","","","",""
"19.11.2024","Tuesday","4.7000","","","","","",""
"18.11.2024","Monday","4.7000","","","","","",""
"15.11.2024","Friday","4.7000","","","","","",""
"14.11.2024","Thursday","4.7000","","","","","",""
"13.11.2024","Wednesday","4.7000","","","","","",""
"12.11.2024","Tuesday","4.7000","","","","","",""
"11.11.2024","Monday","4.7000","","","","","",""
"08.11.2024","Friday","4.7000","","","","","",""
"07.11.2024","Thursday","4.7000","","","","","",""
"06.11.2024","Wednesday","4.9500","","","","","",""
"05.11.2024","Tuesday","4.9500","","","","","",""
"04.11.2024","Monday","4.9500","","","","","",""
"01.11.2024","Friday","4.9500","","","","","",""
"31.10.2024","Thursday","4.9500","","","","","",""
"30.10.2024","Wednesday","4.9500","","","","","",""
"29.10.2024","Tuesday","4.9500","","","","","",""
"28.10.2024","Monday","4.9500","","","","","",""
"25.10.2024","Friday","4.9500","","","","","",""
"24.10.2024","Thursday","4.9500","","","","","",""
"23.10.2024","Wednesday","4.9500","","","","","",""
"22.10.2024","Tuesday","4.9500","","","","","",""
"21.10.2024","Monday","4.9500","","","","","",""
"18.10.2024","Friday","4.9500","","","","","",""
"17.10.2024","Thursday","4.9500","","","","","",""
"16.10.2024","Wednesday","4.9500","","","","","",""
"15.10.2024","Tuesday","4.9500","","","","","",""
"14.10.2024","Monday","4.9500","","","","","",""
"11.10.2024","Friday","4.9500","","","","","",""
"10.10.2024","Thursday","4.9500","","","","","",""
"09.10.2024","Wednesday","4.9500","","","","","",""
"08.10.2024","Tuesday","4.9500","","","","","",""
"07.10.2024","Monday","4.9500","","","","","",""
"04.10.2024","Friday","4.9500","","","","","",""
"03.10.2024","Thursday","4.9500","","","","","",""
"02.10.2024","Wednesday","4.9500","","","","","",""
"01.10.2024","Tuesday","4.9500","","","","","",""
"30.09.2024","Monday","4.9500","","","","","",""
"27.09.2024","Friday","4.9500","","","","","",""
"26.09.2024","Thursday","4.9500","","","","","",""
"25.09.2024","Wednesday","4.9500","","","","","",""
"24.09.2024","Tuesday","4.9500","","","","","",""
"23.09.2024","Monday","4.9500","","","","","",""
"20.09.2024","Friday","4.9500","","","","","",""
"19.09.2024","Thursday","4.9500","","","","","",""
"18.09.2024","Wednesday","4.9500","","","","","",""
"17.09.2024","Tuesday","4.9500","","","","","",""
"16.09.2024","Monday","4.9500","","","","","",""
"13.09.2024","Friday","4.9500","","","","","",""
"12.09.2024","Thursday","4.9500","","","","","",""
"11.09.2024","Wednesday","4.9500","","","","","",""
"10.09.2024","Tuesday","4.9500","","","","","",""
"09.09.2024","Monday","4.9500","","","","","",""
"06.09.2024","Friday","4.9500","","","","","",""
"05.09.2024","Thursday","4.9500","","","","","",""
"04.09.2024","Wednesday","4.9500","","","","","",""
"03.09.2024","Tuesday","4.9500","","","","","",""
"02.09.2024","Monday","4.9500","","","","","",""
"30.08.2024","Friday","4.9500","","","","","",""
"29.08.2024","Thursday","4.9500","","","","","",""
"28.08.2024","Wednesday","4.9500","","","","","",""
"27.08.2024","Tuesday","4.9500","","","","","",""
"23.08.2024","Friday","4.9500","","","","","",""
"22.08.2024","Thursday","4.9500","","","","","",""
"21.08.2024","Wednesday","4.9500","","","","","",""
"20.08.2024","Tuesday","4.9500","","","","","",""
"19.08.2024","Monday","4.9500","","","","","",""
"16.08.2024","Friday","4.9500","","","","","",""
"15.08.2024","Thursday","4.9500","","","","","",""
"14.08.2024","Wednesday","4.9500","","","","","",""
"13.08.2024","Tuesday","4.9500","","","","","",""
"12.08.2024","Monday","4.9500","","","","","",""
"09.08.2024","Friday","4.9500","","","","","",""
"08.08.2024","Thursday","4.9500","","","","","",""
"07.08.2024","Wednesday","4.9500","","","","","",""
"06.08.2024","Tuesday","4.9500","","","","","",""
"05.08.2024","Monday","4.9500","","","","","",""
"02.08.2024","Friday","4.9500","","","","","",""
"01.08.2024","Thursday","4.9500","","","","","",""
"31.07.2024","Wednesday","5.2000","","","","","",""
"30.07.2024","Tuesday","5.2000","","","","","",""
"29.07.2024","Monday","5.2000","","","","","",""
"26.07.2024","Friday","5.2000","","","","","",""
"25.07.2024","Thursday","5.2000","","","","","",""
"24.07.2024","Wednesday","5.2000","","","","","",""
"23.07.2024","Tuesday","5.2000","","","","","",""
"22.07.2024","Monday","5.2000","","","","","",""
"19.07.2024","Friday","5.2000","","","","","",""
"18.07.2024","Thursday","5.2000","","","","","",""
"17.07.2024","Wednesday","5.2000","","","","","",""
"16.07.2024","Tuesday","5.2000","","","","","",""
"15.07.2024","Monday","5.2000","","","","","",""
"12.07.2024","Friday","5.2000","","","","","",""
"11.07.2024","Thursday","5.2000","","","","","",""
"10.07.2024","Wednesday","5.2000","","","","","",""
"09.07.2024","Tuesday","5.2000","","","","","",""
"08.07.2024","Monday","5.2000","","","","","",""
"05.07.2024","Friday","5.2000","","","","","",""
"04.07.2024","Thursday","5.2000","","","","","",""
"03.07.2024","Wednesday","5.2000","","","","","",""
"02.07.2024","Tuesday","5.2000","","","","","",""
"01.07.2024","Monday","5.2000","","","","","",""
"28.06.2024","Friday","5.2000","","","","","",""
"27.06.2024","Thursday","5.2000","","","","","",""
"26.06.2024","Wednesday","5.2000","","","","","",""
"25.06.2024","Tuesday","5.2000","","","","","",""
"24.06.2024","Monday","5.2000","","","","","",""
"21.06.2024","Friday","5.2000","","","","","",""
"20.06.2024","Thursday","5.2000","","","","","",""
"19.06.2024","Wednesday","5.2000","","","","","",""
"18.06.2024","Tuesday","5.2000","","","","","",""
"17.06.2024","Monday","5.2000","","","","","",""
"14.06.2024","Friday","5.2000","","","","","",""
"13.06.2024","Thursday","5.2000","","","","","",""
"12.06.2024","Wednesday","5.2000","","","","","",""
"11.06.2024","Tuesday","5.2000","","","","","",""
"10.06.2024","Monday","5.2000","","","","","",""
"07.06.2024","Friday","5.2000","","","","","",""
"06.06.2024","Thursday","5.2000","","","","","",""
"05.06.2024","Wednesday","5.2000","","","","","",""
"04.06.2024","Tuesday","5.2000","","","","","",""
"03.06.2024","Monday","5.2000","","","","","",""
"31.05.2024","Friday","5.2000","","","","","",""
"30.05.2024","Thursday","5.2000","","","","","",""
"29.05.2024","Wednesday","5.2000","","","","","",""
"28.05.2024","Tuesday","5.2000","","","","","",""
"24.05.2024","Friday","5.2000","","","","","",""
"23.05.2024","Thursday","5.2000","","","","","",""
"22.05.2024","Wednesday","5.2000","","","","","",""
"21.05.2024","Tuesday","5.2000","","","","","",""
"20.05.2024","Monday","5.2000","","","","","",""
"17.05.2024","Friday","5.2000","","","","","",""
"16.05.2024","Thursday","5.2000","","","","","",""
"15.05.2024","Wednesday","5.2000","","","","","",""
"14.05.2024","Tuesday","5.2000","","","","","",""
"13.05.2024","Monday","5.2000","","","","","",""
"10.05.2024","Friday","5.2000","","","","","",""
"09.05.2024","Thursday","5.2000","","","","","",""
"08.05.2024","Wednesday","5.2000","","","","","",""
"07.05.2024","Tuesday","5.2000","","","","","",""
"03.05.2024","Friday","5.2001","","","","","",""
"02.05.2024","Thursday","5.2000","","","","","",""
"01.05.2024","Wednesday","5.2000","","","","","",""
"30.04.2024","Tuesday","5.1998","","","","","",""
"29.04.2024","Monday","5.2000","","","","","",""
"26.04.2024","Friday","5.1999","","","","","",""
"25.04.2024","Thursday","5.1998","","","","","",""
"24.04.2024","Wednesday","5.1993","","","","","",""
"23.04.2024","Tuesday","5.1997","","","","","",""
"22.04.2024","Monday","5.1993","","","","","",""
"19.04.2024","Friday","5.1984","","","","","",""
"18.04.2024","Thursday","5.1984","","","","","",""
"17.04.2024","Wednesday","5.1984","","","","","",""
"16.04.2024","Tuesday","5.1984","","","","","",""
"15.04.2024","Monday","5.1984","","","","","",""
"12.04.2024","Friday","5.1980","","","","","",""
"11.04.2024","Thursday","5.1980","","","","","",""
"10.04.2024","Wednesday","5.1978","","","","","",""
"09.04.2024","Tuesday","5.1976","","","","","",""
"08.04.2024","Monday","5.1949","","","","","",""
"05.04.2024","Friday","5.1949","","","","","",""
"04.04.2024","Thursday","5.1949","","","","","",""
"03.04.2024","Wednesday","5.1952","","","","","",""
"02.04.2024","Tuesday","5.1956","","","","","",""
"28.03.2024","Thursday","5.1911","","","","5.30370","",""
"27.03.2024","Wednesday","","","","","5.29980","",""
"26.03.2024","Tuesday","","","","","5.29990","",""
"25.03.2024","Monday","","","","","5.29750","",""
"22.03.2024","Friday","","","","","5.29620","",""
"21.03.2024","Thursday","","","","","5.31530","",""
"20.03.2024","Wednesday","","","","","5.31920","",""
"19.03.2024","Tuesday","","","","","5.32200","",""
"18.03.2024","Monday","","","","","5.32540","",""
"15.03.2024","Friday","","","","","5.32680","",""
"14.03.2024","Thursday","","","","","5.32670","",""
"13.03.2024","Wednesday","","","","","5.32430","",""
"12.03.2024","Tuesday","","","","","5.32440","",""
"11.03.2024","Monday","","","","","5.32430","",""
"08.03.2024","Friday","","","","","5.32760","",""
"07.03.2024","Thursday","","","","","5.32760","",""
"06.03.2024","Wednesday","","","","","5.33200","",""
"05.03.2024","Tuesday","","","","","5.33100","",""
"04.03.2024","Monday","","","","","5.32680","",""
"01.03.2024","Friday","","","","","5.32780","",""
"29.02.2024","Thursday","","","","","5.32910","",""
"28.02.2024","Wednesday","","","","","5.32910","",""
"27.02.2024","Tuesday","","","","","5.33000","",""
"26.02.2024","Monday","","","","","5.32920","",""
"23.02.2024","Friday","","","","","5.33070","",""
"22.02.2024","Thursday","","","","","5.32850","",""
"21.02.2024","Wednesday","","","","","5.32700","",""
"20.02.2024","Tuesday","","","","","5.32900","",""
"19.02.2024","Monday","","","","","5.32880","",""
"16.02.2024","Friday","","","","","5.32980","",""
"15.02.2024","Thursday","","","","","5.32810","",""
"14.02.2024","Wednesday","","","","","5.32760","",""
"13.02.2024","Tuesday","","","","","5.32650","",""
"12.02.2024","Monday","","","","","5.32120","",""
"09.02.2024","Friday","","","","","5.32380","",""
"08.02.2024","Thursday","","","","","5.32390","",""
"07.02.2024","Wednesday","","","","","5.32310","",""
"06.02.2024","Tuesday","","","","","5.32530","",""
"05.02.2024","Monday","","","","","5.32640","",""
"02.02.2024","Friday","","","","","5.31900","",""
"01.02.2024","Thursday","","","","","5.31950","",""
"31.01.2024","Wednesday","","","","","5.32120","",""
"30.01.2024","Tuesday","","","","","5.31910","",""
"29.01.2024","Monday","","","","","5.32300","",""
"26.01.2024","Friday","","","","","5.32500","",""
"25.01.2024","Thursday","","","","","5.32740","",""
"24.01.2024","Wednesday","","","","","5.32920","",""
"23.01.2024","Tuesday","","","","","5.32480","",""
"22.01.2024","Monday","","","","","5.32470","",""
"19.01.2024","Friday","","","","","5.32430","",""
"18.01.2024","Thursday","","","","","5.32600","",""
"17.01.2024","Wednesday","","","","","5.32900","",""
"16.01.2024","Tuesday","","","","","5.31310","",""
"15.01.2024","Monday","","","","","5.31370","",""
"12.01.2024","Friday","","","","","5.31760","",""
"11.01.2024","Thursday","","","","","5.32060","",""
"10.01.2024","Wednesday","","","","","5.32150","",""
"09.01.2024","Tuesday","","","","","5.32150","",""
"08.01.2024","Monday","","","","","5.32260","",""
"05.01.2024","Friday","","","","","5.32300","",""
"04.01.2024","Thursday","","","","","5.32260","",""
"03.01.2024","Wednesday","","","","","5.32210","",""
"02.01.2024","Tuesday","","","","","5.32330","",""
"29.12.2023","Friday","","","","","5.32460","",""
"28.12.2023","Thursday","","","","","5.32570","",""
"27.12.2023","Wednesday","","","","","5.32240","",""
"22.12.2023","Friday","","","","","5.33210","",""
"21.12.2023","Thursday","","","","","5.33530","",""
"20.12.2023","Wednesday","","","","","5.33310","",""
"19.12.2023","Tuesday","","","","","5.34260","",""
"18.12.2023","Monday","","","","","5.34210","",""
"15.12.2023","Friday","","","","","5.34010","",""
"14.12.2023","Thursday","","","","","5.33090","",""
"13.12.2023","Wednesday","","","","","5.34030","",""
"12.12.2023","Tuesday","","","","","5.34570","",""
"11.12.2023","Monday","","","","","5.34660","",""
"08.12.2023","Friday","","","","","5.34690","",""
"07.12.2023","Thursday","","","","","5.34430","",""
"06.12.2023","Wednesday","","","","","5.35010","",""
"05.12.2023","Tuesday","","","","","5.34650","",""
"04.12.2023","Monday","","","","","5.34880","",""
"01.12.2023","Friday","","","","","5.34900","",""
"30.11.2023","Thursday","","","","","5.35130","",""
"29.11.2023","Wednesday","","","","","5.35470","",""
"28.11.2023","Tuesday","","","","","5.35820","",""
"27.11.2023","Monday","","","","","5.35920","",""
"24.11.2023","Friday","","","","","5.36460","",""
"23.11.2023","Thursday","","","","","5.36180","",""
"22.11.2023","Wednesday","","","","","5.35400","",""
"21.11.2023","Tuesday","","","","","5.35080","",""
"20.11.2023","Monday","","","","","5.34770","",""
"17.11.2023","Friday","","","","","5.34510","",""
"16.11.2023","Thursday","","","","","5.34770","",""
"15.11.2023","Wednesday","","","","","5.34860","",""
"14.11.2023","Tuesday","","","","","5.36130","",""
"13.11.2023","Monday","","","","","5.36130","",""
"10.11.2023","Friday","","","","","5.35900","",""
"09.11.2023","Thursday","","","","","5.36210","",""
"08.11.2023","Wednesday","","","","","5.35590","",""
"07.11.2023","Tuesday","","","","","5.35610","",""
"06.11.2023","Monday","","","","","5.36490","",""
"03.11.2023","Friday","","","","","5.37180","",""
"02.11.2023","Thursday","","","","","5.37390","",""
"01.11.2023","Wednesday","","","","","5.37820","",""
"31.10.2023","Tuesday","","","","","5.37240","",""
"30.10.2023","Monday","","","","","5.37040","",""
"27.10.2023","Friday","","","","","5.37480","",""
"26.10.2023","Thursday","","","","","5.37900","",""
"25.10.2023","Wednesday","","","","","5.38250","",""
"24.10.2023","Tuesday","","","","","5.38350","",""
"23.10.2023","Monday","","","","","5.39350","",""
"20.10.2023","Friday","","","","","5.39510","",""
"19.10.2023","Thursday","","","","","5.41050","",""
"18.10.2023","Wednesday","","","","","5.41330","",""
"17.10.2023","Tuesday","","","","","5.40340","",""
"16.10.2023","Monday","","","","","5.41970","",""
"13.10.2023","Friday","","","","","5.40710","",""
"12.10.2023","Thursday","","","","","5.40450","",""
"11.10.2023","Wednesday","","","","","5.40400","",""
"10.10.2023","Tuesday","","","","","5.40880","",""
"09.10.2023","Monday","","","","","5.40920","",""
"06.10.2023","Friday","","","","","5.41190","",""
"05.10.2023","Thursday","","","","","5.41670","",""
"04.10.2023","Wednesday","","","","","5.41580","",""
"03.10.2023","Tuesday","","","","","5.41080","",""
"02.10.2023","Monday","","","","","5.41390","",""
"29.09.2023","Friday","","","","","5.40910","",""
"28.09.2023","Thursday","","","","","5.41680","",""
"27.09.2023","Wednesday","","","","","5.40270","",""
"26.09.2023","Tuesday","","","","","5.39660","",""
"25.09.2023","Monday","","","","","5.39250","",""
"22.09.2023","Friday","","","","","5.38620","",""
"21.09.2023","Thursday","","","","","5.50250","",""
"20.09.2023","Wednesday","","","","","5.50010","",""
"19.09.2023","Tuesday","","","","","5.59430","",""
"18.09.2023","Monday","","","","","5.58590","",""
"15.09.2023","Friday","","","","","5.58100","",""
"14.09.2023","Thursday","","","","","5.56420","",""
"13.09.2023","Wednesday","","","","","5.57610","",""
"12.09.2023","Tuesday","","","","","5.57110","",""
"11.09.2023","Monday","","","","","5.57620","",""
"08.09.2023","Friday","","","","","5.56450","",""
"07.09.2023","Thursday","","","","","5.55810","",""
"06.09.2023","Wednesday","","","","","5.57810","",""
"05.09.2023","Tuesday","","","","","5.57370","",""
"04.09.2023","Monday","","","","","5.57880","",""
"01.09.2023","Friday","","","","","5.56320","",""
"31.08.2023","Thursday","","","","","5.57840","",""
"30.08.2023","Wednesday","","","","","5.59790","",""
"29.08.2023","Tuesday","","","","","5.59500","",""
"25.08.2023","Friday","","","","","5.58490","",""
"24.08.2023","Thursday","","","","","5.57060","",""
"23.08.2023","Wednesday","","","","","5.57000","",""
"22.08.2023","Tuesday","","","","","5.59180","",""
"21.08.2023","Monday","","","","","5.58500","",""
"18.08.2023","Friday","","","","","5.57850","",""
"17.08.2023","Thursday","","","","","5.56180","",""
"16.08.2023","Wednesday","","","","","5.55070","",""
"15.08.2023","Tuesday","","","","","5.53370","",""
"14.08.2023","Monday","","","","","5.48130","",""
"11.08.2023","Friday","","","","","5.47090","",""
"10.08.2023","Thursday","","","","","5.45490","",""
"09.08.2023","Wednesday","","","","","5.45430","",""
"08.08.2023","Tuesday","","","","","5.44840","",""
"07.08.2023","Monday","","","","","5.45080","",""
"04.08.2023","Friday","","","","","5.45050","",""
"03.08.2023","Thursday","","","","","5.51510","",""
"02.08.2023","Wednesday","","","","","5.52150","",""
"01.08.2023","Tuesday","","","","","5.52140","",""
"31.07.2023","Monday","","","","","5.52110","",""
"28.07.2023","Friday","","","","","5.49890","",""
"27.07.2023","Thursday","","","","","5.50040","",""
"26.07.2023","Wednesday","","","","","5.50430","",""
"25.07.2023","Tuesday","","","","","5.50550","",""
"24.07.2023","Monday","","","","","5.48320","",""
"21.07.2023","Friday","","","","","5.49660","",""
"20.07.2023","Thursday","","","","","5.47500","",""
"19.07.2023","Wednesday","","","","","5.47210","",""
"18.07.2023","Tuesday","","","","","5.53130","",""
"17.07.2023","Monday","","","","","5.54020","",""
"14.07.2023","Friday","","","","","5.51960","",""
"13.07.2023","Thursday","","","","","5.49800","",""
"12.07.2023","Wednesday","","","","","5.50160","",""
"11.07.2023","Tuesday","","","","","5.49530","",""
"10.07.2023","Monday","","","","","5.49550","",""
"07.07.2023","Friday","","","","","5.48710","",""
"06.07.2023","Thursday","","","","","5.46090","",""
"05.07.2023","Wednesday","","","","","5.43500","",""
"04.07.2023","Tuesday","","","","","5.42980","",""
"03.07.2023","Monday","","","","","5.42540","",""
"30.06.2023","Friday","","","","","5.39010","",""
"29.06.2023","Thursday","","","","","5.38380","",""
"28.06.2023","Wednesday","","","","","5.37670","",""
"27.06.2023","Tuesday","","","","","5.36240","",""
"26.06.2023","Monday","","","","","5.35090","",""
"23.06.2023","Friday","","","","","5.33700","",""
"22.06.2023","Thursday","","","","","5.13770","",""
"21.06.2023","Wednesday","","","","","5.11260","",""
"20.06.2023","Tuesday","","","","","5.05580","",""
"19.06.2023","Monday","","","","","5.03110","",""
"16.06.2023","Friday","","","","","4.99540","",""
"15.06.2023","Thursday","","","","","5.00490","",""
"14.06.2023","Wednesday","","","","","4.98670","",""
"13.06.2023","Tuesday","","","","","5.01490","",""
"12.06.2023","Monday","","","","","4.96060","",""
"09.06.2023","Friday","","","","","4.93250","",""
"08.06.2023","Thursday","","","","","4.92310","",""
"07.06.2023","Wednesday","","","","","4.92340","",""
"06.06.2023","Tuesday","","","","","4.91600","",""
"05.06.2023","Monday","","","","","4.91130","",""
"02.06.2023","Friday","","","","","4.89270","",""
"01.06.2023","Thursday","","","","","4.87810","",""
"31.05.2023","Wednesday","","","","","4.88370","",""
"30.05.2023","Tuesday","","","","","4.89590","",""
"26.05.2023","Friday","","","","","4.89250","",""
"25.05.2023","Thursday","","","","","4.87140","",""
"24.05.2023","Wednesday","","","","","4.84140","",""
"23.05.2023","Tuesday","","","","","4.75170","",""
"22.05.2023","Monday","","","","","4.73220","",""
"19.05.2023","Friday","","","","","4.72660","",""
"18.05.2023","Thursday","","","","","4.70810","",""
"17.05.2023","Wednesday","","","","","4.69610","",""
"16.05.2023","Tuesday","","","","","4.69130","",""
"15.05.2023","Monday","","","","","4.70190","",""
"12.05.2023","Friday","","","","","4.68770","",""
"12.05.2023","Friday","","","","","4.68100","",""
"10.05.2023","Wednesday","","","","","4.67550","",""
"09.05.2023","Tuesday","","","","","4.66570","",""
"05.05.2023","Friday","","","","","4.63360","",""
"04.05.2023","Thursday","","","","","4.63370","",""
"03.05.2023","Wednesday","","","","","4.62320","",""
"02.05.2023","Tuesday","","","","","4.64380","",""
"28.04.2023","Friday","","","","","4.61990","",""
"27.04.2023","Thursday","","","","","4.60860","",""
"26.04.2023","Wednesday","","","","","4.59190","",""
"25.04.2023","Tuesday","","","","","4.60310","",""
"06.03.2023","Monday","","","4.04749","","4.31930","4.67780",""
"03.03.2023","Friday","","","4.04700","","4.30610","4.65830",""
"02.03.2023","Thursday","","","4.04350","","4.29460","4.65850",""
"01.03.2023","Wednesday","","","4.05730","","4.33360","4.71210",""
"28.02.2023","Tuesday","","","4.02750","","4.32470","4.70820",""
"27.02.2023","Monday","","","4.00430","","4.31300","4.70140",""
"24.02.2023","Friday","","","3.97260","","4.26060","4.62970",""
"23.02.2023","Thursday","","","3.96570","","4.26120","4.63050",""
"22.02.2023","Wednesday","","","3.96510","","4.25280","4.62500",""
"21.02.2023","Tuesday","","","3.96560","","4.23930","4.57110",""
"20.02.2023","Monday","","","3.96500","","4.21790","4.53540",""
